{
  "timestamp": "20260113_001813",
  "all_metrics": {
    "accuracy": {
      "mean": 0.8399524375743163,
      "std": 0.00095124851367423
    },
    "balanced_accuracy": {
      "mean": 0.8455368671423716,
      "std": 0.000840953613999789
    },
    "f1": {
      "mean": 0.837597972925402,
      "std": 0.0010868577147153443
    },
    "confusion_matrix": [
      [
        1513,
        667
      ],
      [
        6,
        2019
      ]
    ]
  },
  "per_exercise_metrics": {
    "RTK": {
      "accuracy": {
        "mean": 0.8398576512455517,
        "std": 1.1102230246251565e-16
      },
      "balanced_accuracy": {
        "mean": 0.845890410958904,
        "std": 0.0
      },
      "f1": {
        "mean": 0.8374783111625217,
        "std": 0.0
      },
      "confusion_matrix": [
        [
          505,
          225
        ],
        [
          0,
          675
        ]
      ]
    },
    "CTK": {
      "accuracy": {
        "mean": 0.84375,
        "std": 0.0
      },
      "balanced_accuracy": {
        "mean": 0.8529411764705884,
        "std": 1.1102230246251565e-16
      },
      "f1": {
        "mean": 0.8423645320197044,
        "std": 0.0
      },
      "confusion_matrix": [
        [
          540,
          225
        ],
        [
          0,
          675
        ]
      ]
    },
    "ELK": {
      "accuracy": {
        "mean": 0.825,
        "std": 0.011053894395862438
      },
      "balanced_accuracy": {
        "mean": 0.8259962151932955,
        "std": 0.011176381951892928
      },
      "f1": {
        "mean": 0.8219873441690378,
        "std": 0.010496042189676284
      },
      "confusion_matrix": [
        [
          473,
          212
        ],
        [
          26,
          649
        ]
      ]
    }
  },
  "config": {
    "epochs": 100,
    "batch_size": 32,
    "hidden_size": 128,
    "num_runs": 5,
    "task": "binary",
    "learning_rate": 0.001
  }
}